"1","Customer A"
"2","Customer B"
"3","Customer C"
"4","Customer D"
"5","Customer E"
"6","Customer F"
"7","Customer G"
"8","Customer H"
"9","Customer I"
"10","Customer J"
"11","Customer K"
"12","Customer L"
"13","Customer M"
"14","Customer N"
"15","Customer O"
"16","Customer P"
"17","Customer Q"
"18","Customer R"
"19","Customer S"
"20","Customer T"
"21","Customer U"
"22","Customer V"
"23","Customer W"
"24","Customer X"
"25","Customer Y"
"26","Customer Z"
"27","Customer AA"
"28","Customer BB"
"29","Customer CC"
"30","Customer DD"
"31","Customer EE"
"32","Customer FF"
"33","Customer GG"
"34","Customer HH"
"35","Customer II"
"36","Customer JJ"
"37","Customer KK"
"38","Customer LL"
"39","Customer MM"
"40","Customer NN"
"41","Customer OO"
"42","Customer PP"
"43","Customer QQ"
"44","Customer RR"
"45","Customer SS"
"46","Customer TT"
"47","Customer UU"
"48","Customer VV"
"49","Customer WW"
"50","Customer XX"
